<?xml version="1.0" encoding="UTF-8" standalone="yes"?>
<addon id="plugin.audio.openFM"
       name="Open FM"
       version="0.0.3"
       provider-name="Lantash">
	   <requires>
        <import addon="xbmc.python" version="3.0.0"/>
        <import addon="script.module.requests"/>
        <import addon="inputstream.adaptive"/>
    </requires>
  <extension point="xbmc.python.pluginsource"
            library="default.py">
        <provides>audio</provides>
  </extension>
  <extension point="xbmc.addon.metadata">
    <summary>Otwórz się na muzykę z OPEN.FM</summary>
    <description>Fork wtyczki pajretX.
        Stream radia ze strony open.fm</description>
    <platform>all</platform>
    <website>http://lantash77.github.io</website>
    <assets>
        <icon>icon.png</icon>
    </assets>
    <news>Changelog:
- Adaptacja do nowego API
- Dodano podcasty
    </news>
  </extension>
</addon>
