﻿<?xml version="1.0" encoding="UTF-8" standalone="yes"?>
<addon
  id="plugin.video.dramaqueen"
  version="0.0.6"
  name="Drama Queen"
  provider-name="Lantash">
  <requires>
    <import addon="xbmc.python" version="2.7.0"/>
    <import addon="script.module.requests"/>
    <import addon="script.module.resolveurl"/>
	<import addon="script.module.pyxbmct"/>
  	<import addon="script.module.addon.common" version="2.0.0"/>	
    <import addon="script.common.plugin.cache"/>
    <import addon="script.module.parsedom"/>		
    <import addon="script.xbmcbackup"/>
 </requires>
  <extension point="xbmc.python.pluginsource"
             library="dramaqueen.py">
    <provides>video</provides>
  </extension>
  <extension point="xbmc.addon.metadata">
    <summary>drama</summary>
    <summary lang="pl">Przeglądanie i odtwarzanie zawartości strony DramaQueen.</summary>
    <description lang="pl">Wtyczka powstała w celach edukacyjnych. </description>
    <disclaimer lang="en_GB">Wszelkie treści multimedialne są własnością Dramaqueen. Wtyczka tworzona na potrzeby prywatne.</disclaimer>
    <license>GNUv3</license>
    <platform>all</platform>
  </extension>
</addon>
