﻿<?xml version="1.0" encoding="UTF-8" standalone="yes"?>
<addon id="plugin.video.drama-online" version="0.0.1.4" name="Drama-Online" provider-name="Lantash">
    <requires>
        <import addon="xbmc.python" version="3.0.0"/>
        <import addon="script.module.requests"/>
        <import addon="script.module.resolveurl"/>
        <import addon="inputstream.adaptive"/>
        <import addon="script.module.pycryptodome"/>
        <import addon="script.module.inputstreamhelper"/>
    </requires>
    <extension point="xbmc.python.pluginsource"
             library="main.py">
        <provides>video</provides>
    </extension>
    <extension library="serverHTTP.py" point="xbmc.service"/>
    <extension point="xbmc.addon.metadata">
        <summary>drama</summary>
        <summary lang="pl">Przeglądanie i odtwarzanie zawartości strony Drama-Online.</summary>
        <description lang="pl">Wtyczka powstała w celach edukacyjnych.</description>
        <disclaimer lang="pl">To nie jest oficjalny dodatek!  Wszelkie treści multimedialne są własnością Drama-Online. Wtyczka wymaga aktywnego konta w serwisie</disclaimer>
        <license>GNUv3</license>
        <platform>all</platform>
        <website>http://lantash77.github.io</website>
        <assets>
            <icon>icon.png</icon>
            <fanart>fanart.jpg</fanart>
            <banner></banner> <!-- optional -->
        </assets>
        <news>Changelog:
0.1.4
- linki mega.nz dodane
  znany problem:
  przeskok do przodu i wznowienie odtwarzania może wywalić player
- linki vk.com i ok.ru odtwarzane przez ISA
- dodano proxy do obsługi linków mega.nz
- migracja kodu do K21+
 
        </news>
    </extension>
</addon>
