<?xml version="1.0" encoding="UTF-8" standalone="yes"?>
<addon id="plugin.video.dramaqueen" version="0.1.25.0" name="DramaQueen" provider-name="Lantash">
    <requires>
        <import addon="xbmc.python" version="3.0.0"/>
        <import addon="script.module.requests"/>
        <import addon="script.module.resolveurl"/>
        <import addon="inputstream.adaptive"/>
        <import addon="script.module.inputstreamhelper"/>
    </requires>
    <extension point="xbmc.python.pluginsource"
             library="dramaqueen.py">
        <provides>video</provides>
    </extension>
    <extension library="serverHTTP.py" point="xbmc.service"/>
    <extension point="xbmc.addon.metadata">
        <summary>drama</summary>
        <summary lang="pl">Przeglądanie i odtwarzanie zawartości strony DramaQueen.</summary>
        <description lang="pl">Wtyczka powstała w celach edukacyjnych.</description>
        <disclaimer lang="en_GB">Wszelkie treści multimedialne są własnością Dramaqueen. Wtyczka tworzona za zgodą administratorów dramaqueen.pl.</disclaimer>
        <license>GNUv3</license>
        <platform>all</platform>
        <website>http://lantash77.github.io</website>
        <source>https://github.com/Lantash77/lantash-repo/tree/main/source/matrix/plugin.video.dramaqueen</source>
        <assets>
            <icon>icon.png</icon>
            <fanart>fanart.jpg</fanart>
            <banner></banner> <!-- optional -->
        </assets>
        <news>
            Changelog:
    0.1.25
    - DQPlayer fix
      modyfikacja pliku advancedsettings.xml
      dodano disabledhttp2
	0.1.24
	- DQPlayer fix
            0.1.23
            - Wybór jakości playera testowego w ustawieniach
              SD, 720, MAX lub okno wybory przed rozpoczęciem
            - Brakujące informacje o video w playerze testowym
            0.1.22
            - Poprawka 'Player testowy'
            - Fix odcinków typu 'spin off'
            - Fix niezgodności linków z tytułem
            0.1.20
            - Player fix
            0.1.18
            - Dodana obsługa playera testowego
            0.1.16
            - poprawki po zmianach na stronie
            0.1.15
            - Fix - update strony
            - wyszukiwanie - dodana historia
            - wyłączony scraper - prace w toku
            - DQ Player - nie działa
            0.1.11
            - DQ Player fix
            - Brakujące odcinki - fix
        </news>
    </extension>
</addon>
