﻿<?xml version="1.0" encoding="UTF-8" standalone="yes"?>
<addon id="plugin.video.dramaqueen" version="0.1.16" name="Drama Queen" provider-name="Lantash">
    <requires>
        <import addon="xbmc.python" version="3.0.0"/>
        <import addon="script.module.requests"/>
        <import addon="script.module.resolveurl"/>
    </requires>
    <extension point="xbmc.python.pluginsource"
             library="dramaqueen.py">
        <provides>video</provides>
    </extension>
    <extension point="xbmc.addon.metadata">
        <summary>drama</summary>
        <summary lang="pl">Przeglądanie i odtwarzanie zawartości strony DramaQueen.</summary>
        <description lang="pl">Wtyczka powstała w celach edukacyjnych. 
Mogą wystąpić błedy w trakcie korzystania.
        </description>
        <disclaimer lang="en_GB">Wszelkie treści multimedialne są własnością Dramaqueen. Wtyczka tworzona za zgodą administratorów dramaqueen.pl.</disclaimer>
        <license>GNUv3</license>
        <platform>all</platform>
        <website>http://lantash77.github.io</website>
        <source>https://github.com/Lantash77/lantash-repo/tree/main/source/matrix/plugin.video.dramaqueen</source>
        <assets>
            <icon>icon.png</icon>
            <fanart>fanart.jpg</fanart>
            <banner></banner> <!-- optional -->
        </assets>
        <news>
Changelog:
0.1.15
- Fix - update strony
- wyszukiwanie - dodana historia
- wyłączony scraper - prace w toku
- DQ Player - nie działa
0.1.11
- DQ Player fix
- Brakująca odcinki - fix
0.1.7
- Dodano opcje czyszczenia danych scrapera
- Fix logowania
        </news>
    </extension>
</addon>
