﻿<?xml version="0.0.1" encoding="UTF-8" standalone="yes" ?>
<addon id="repository.lantash" name="lantash-repo" version="0.1" provider-name="lantash">
	<extension point="xbmc.addon.repository" name="lantash-repo">
	    <dir>
			<info compressed="false">https://raw.githubusercontent.com/Lantash77/lantash-repo/main/addons.xml</info>
			<checksum>https://raw.githubusercontent.com/Lantash77/lantash-repo/main/addons.xml.md5</checksum>
			<datadir zip="true">https://github.com/Lantash77/lantash-repo/raw/main/</datadir>
		</dir>
		<dir>
			<info compressed="false">https://raw.githubusercontent.com/jsergio123/zips/master/addons.xml</info>
			<checksum>https://raw.githubusercontent.com/jsergio123/zips/master/addons.xml.md5</checksum>
			<datadir zip="true">https://raw.githubusercontent.com/jsergio123/zips/master/</datadir>
        </dir>
	</extension>
	<extension point="xbmc.addon.metadata">
		<summary>Repozytorium wtyczek lantash</summary>
		<description>Wszystkie wtyczki powstały w celach edukacyjnych - dla samej frajdy tworzenia i nauki pythona. Nie biorę odpowiedzialności za problemy związane z użytkowaniem tych dodatków. Część z nich nie działa tak jak działać powinna, a druga część może w każdej chwili przestać działać. </description> 
		<platform>all</platform>
		<license>GNUv3</license>
		<website></website>
	</extension>
	
</addon>
