﻿<?xml version="0.0.1" encoding="UTF-8" standalone="yes" ?>
<addon id="repository.lantash" name="lantash-repo" version="0.1" provider-name="lantash">
	<extension point="xbmc.addon.repository" name="lantash-repo">
	    <dir minversion="18.0" maxversion="18.9.0">
			<info compressed="false">https://raw.githubusercontent.com/Lantash77/lantash-repo/main/leia/addons.xml</info>
			<checksum>https://raw.githubusercontent.com/Lantash77/lantash-repo/main/leia/addons.xml.md5</checksum>
			<datadir zip="true">https://github.com/Lantash77/lantash-repo/raw/main/leia/</datadir>
		</dir>
	    <dir minversion="18.9.0">
			<info compressed="false">https://raw.githubusercontent.com/Lantash77/lantash-repo/main/matrix/addons.xml</info>
			<checksum>https://raw.githubusercontent.com/Lantash77/lantash-repo/main/matrix/addons.xml.md5</checksum>
			<datadir zip="true">https://github.com/Lantash77/lantash-repo/raw/main/matrix/</datadir>
		</dir>	    
	    <dir>
			<info compressed="false">https://raw.githubusercontent.com/Lantash77/lantash-repo/main/addons.xml</info>
			<checksum>https://raw.githubusercontent.com/Lantash77/lantash-repo/main/addons.xml.md5</checksum>
			<datadir zip="true">https://github.com/Lantash77/lantash-repo/raw/main/</datadir>
		</dir>
		<dir>
            <info compressed="false">https://raw.githubusercontent.com/Gujal00/smrzips/master/addons.xml</info>
            <checksum>https://raw.githubusercontent.com/Gujal00/smrzips/master/addons.xml.md5</checksum>
            <datadir zip="true">https://raw.githubusercontent.com/Gujal00/smrzips/master/zips/</datadir>
        </dir>
	</extension>
	<extension point="xbmc.addon.metadata">
		<summary>Repozytorium wtyczek lantash</summary>
		<description>Repozytorium zawiera wtyczki dla Kodi w wersji 18.8 i 19 </description> 
		<platform>all</platform>
		<license>GNUv3</license>
		<website></website>
	</extension>
	
</addon>
