﻿<?xml version="1.0" encoding="UTF-8" standalone="yes"?>
<addon
  id="plugin.video.dramaqueen"
  version="0.1.2"
  name="Drama Queen"
  provider-name="Lantash">
  <requires>
    <import addon="xbmc.python" version="3.0.0"/>
    <import addon="script.module.requests"/>
    <import addon="script.module.resolveurl"/>
  </requires>
  <extension point="xbmc.python.pluginsource"
             library="dramaqueen.py">
    <provides>video</provides>
  </extension>
  <extension point="xbmc.addon.metadata">
    <summary>drama</summary>
    <summary lang="pl">Przeglądanie i odtwarzanie zawartości strony DramaQueen.</summary>
    <description lang="pl">Wtyczka powstała w celach edukacyjnych. </description>
    <disclaimer lang="en_GB">Wszelkie treści multimedialne są własnością Dramaqueen. Wtyczka tworzona za zgodą administratorów dramaqueen.pl.</disclaimer>
    <license>GNUv3</license>
    <platform>all</platform>
	<assets>
        <icon>icon.png</icon>
        <fanart>fanart.jpg</fanart>
        <banner></banner> <!-- optional -->
    </assets>
  </extension>
</addon>
