﻿<?xml version="0.0.1" encoding="UTF-8" standalone="yes" ?>
<addon id="repository.lantash" name="lantash-repo" version="0.1.6" provider-name="lantash">
	<extension point="xbmc.addon.repository" name="lantash-repo">
	    <dir minversion="19.9">
			<info compressed="false">https://raw.githubusercontent.com/Lantash77/lantash-repo/main/v20/addons.xml</info>
			<checksum>https://raw.githubusercontent.com/Lantash77/lantash-repo/main/v20/addons.xml.md5</checksum>
			<datadir zip="true">https://github.com/Lantash77/lantash-repo/raw/main/v20/</datadir>
		</dir>	    
	    	<dir>
			<info compressed="false">https://raw.githubusercontent.com/Lantash77/lantash-repo/main/addons.xml</info>
			<checksum>https://raw.githubusercontent.com/Lantash77/lantash-repo/main/addons.xml.md5</checksum>
			<datadir zip="true">https://github.com/Lantash77/lantash-repo/raw/main/</datadir>
		</dir>
		<dir>
            		<info compressed="false">https://raw.githubusercontent.com/Gujal00/smrzips/master/addons.xml</info>
            		<checksum>https://raw.githubusercontent.com/Gujal00/smrzips/master/addons.xml.md5</checksum>
            		<datadir zip="true">https://raw.githubusercontent.com/Gujal00/smrzips/master/zips/</datadir>
        	</dir>
		<dir>
			<info compressed="false">https://raw.githubusercontent.com/znedw/kodi.repository/master/zips/addons.xml</info>
			<checksum>https://raw.githubusercontent.com/znedw/kodi.repository/master/zips/addons.xml.md5</checksum>
			<datadir zip="true">https://raw.githubusercontent.com/znedw/kodi.repository/master/zips/</datadir>
		</dir>
	</extension>
	<extension point="xbmc.addon.metadata">
		<summary>Repozytorium wtyczek lantash</summary>
		<description>Repozytorium zawiera wtyczki dla Kodi w wersji 21</description> 
		<platform>all</platform>
		<license>GNUv3</license>
		<website></website>
                <assets>
                   <icon>icon.png</icon>
                   <fanart>fanart.jpg</fanart>
                   <banner></banner> <!-- optional -->
                </assets>
	</extension>
	
</addon>
