﻿<?xml version="1.0" encoding="UTF-8" standalone="yes"?>
<addon
  id="plugin.video.animeotaku"
  version="0.1.10"
  name="Anime Otaku"
  provider-name="Lantash">
  <requires>
  	<import addon="xbmc.python" version="3.0.0"/>
  	<import addon="script.module.requests"/>
	<import addon="script.module.resolveurl"/>
  </requires>
  <extension point="xbmc.python.pluginsource"
             library="main.py">
    <provides>video</provides>
  </extension>
  <extension point="xbmc.addon.metadata">
    <summary>anime</summary>
	<summary lang="pl">Przeglądanie i odtwarzanie zawartości stron anime.</summary>
    <description lang="pl">Wtyczka powstała w celach edukacyjnych. 
Stworzona przez modyfikację dodatku Anime-IPTV stworzonego przez Huball. 
Testowana na Windows 10, RPI z OSMC, Android. 
Niektóre jej składniki mogą nie działać lub działać nie poprawnie. 
Nie biorę odpowiedzialności za problemy związane z użytkowaniem tego dodatku. 
</description>
    <license>GNUv3</license>
    <platform>all</platform>
	<website>http://lantash77.github.io</website>

    <source>https://github.com/Lantash77/lantash-repo/tree/main/source/matrix/plugin.video.animeotaku</source>
    <assets>
        <icon>icon.png</icon>
        <fanart>fanart.jpg</fanart>
        <banner></banner> <!-- optional -->
    </assets>
    <news>

Changelog 0.1.10
- Wbijam.pl scraper 
- czyszczenie danych
- fix ustawień

Changelog 0.1.9
- Missing provider fix

Changelog 0.1.5
- Shinden - dodano opisy
- Shinden - skrócenie kodu

Changelog 0.1.4
- code fix
- scraper update for wbijam

Changelog 0.1.3
- download fix

Changelog 0.1.2
- Simple scraper for wbijam.pl

Changelog 0.1.1:
- Poprawa listowania
- Dodano opcję pobierania

Changelog 0.1.0:
- Wersja pod Kodi 19
- Wbijam
- Anime-Odcinki
- Shinden.pl
- StrefaDB.pl
</news>
  </extension>
</addon>
