﻿<?xml version="1.0" encoding="UTF-8" standalone="yes"?>
<addon
  id="plugin.video.animeotaku"
  version="0.0.4"
  name="Anime Otaku"
  provider-name="Lantash">
  <requires>
  	<import addon="xbmc.python" version="2.7.10"/>
  	<import addon="script.module.requests" version="2.12.4"/>
	<import addon="script.module.resolveurl"/>
	<import addon="script.module.parsedom"/>
  </requires>
  <extension point="xbmc.python.pluginsource"
             library="main.py">
    <provides>video</provides>
  </extension>
  <extension point="xbmc.addon.metadata">
    <summary>anime</summary>
	<summary lang="pl">Przeglądanie i odtwarzanie zawartości stron anime.</summary>
    <description lang="pl">Wtyczka powstała w celach edukacyjnych. Stworzona przez modyfikację dodatku Anime-IPTV stworzonego przez Huball. Testowana na Windows 10 i na RPI z OSMC. Niektóre jej składniki mogą nie działać lub działać nie poprawnie. Nie biorę odpowiedzialności za problemy związane z użytkowaniem tego dodatku. Some parts of this addon may not be legal in your country of residence - please check with your local laws before installing!</description>
    <license>GNUv3</license>
    <platform>all</platform>
  </extension>
</addon>
